Business_Name,Owner_Name,GST_Number,Business_Category,City,Annual_Turnover,Registration_Date,Employee_Count,Phone_Number,Email
Classic Dairy Farm,Meena Kumar,27MANPW8454A1Z3,Retail,Rajkot,9245341,2019-03-16,7,9060436831,classicdairyfarm@rediffmail.com
Jay Engineering,Priya Mehta,29XJHQD1836A1Z7,Services,Junagadh ,"44,73,737",2020-01-14,24,9891561736,jayengineering@business.in
Sona Packaging,Deepa Joshi,24EZACD9402A1Z2,Services,Vadodara,"94,59,867.00",10-05-2022,,9778674612,sonapackaging@business.in
Prime Dairy Farm,Nitin Joshi,27LXBDD1373A1Z9,Trading,Nadiad,"₹15,96,455",2016/05/13,35,9445130451,primedairyfarm@yahoo.com
Modern Packaging,Ashok Rao,29WFUTM0418A1Z9,Retail,Bhavnagar ,,2020/03/16,15,9473445968,modernpackaging@rediffmail.com
Classic Textiles,,27HXZWQ9081A1Z1,Manufacturing,Nadiad,"50,12,651",03-10-2019,50,9938012778,classictextiles@rediffmail.com
Om Dairy Farm,Mahesh Mehta,29EFEHW0622A1Z7,Manufacturing,Surat,"12,31,661",15/11/2018,7,9983041583,omdairyfarm@gmail.com
New Ceramics,Meena Rao,24WWCZQ6873A1Z7,Services,Vadodara,"₹43,03,279",05-08-2021,42,9446805293,newceramics@business.in
Om Hardware,,29OIJZH1653A1Z5,Retail,bhavnagar,8822974,2016-09-20,17,9479067303,omhardware@gmail.com
New Auto Parts,Meena Kumar,27STWKK4989A1Z5,Trading,nadiad,2467095,23/12/2019,29,9991993591,newautoparts@rediffmail.com
City Hardware,Vijay Trivedi,27CQXIL6355A1Z6,Wholesale,Rajkot,4390303,2018-02-06,56,9795606215,cityhardware@rediffmail.com
City Industries,Ramesh Mehta,06DHAQN2331A1Z5,Wholesale,Ahmedabad,,,35,,cityindustries@business.in
Classic Industries,Ramesh Sheikh,29RRSRZ2430A1Z4,Wholesale,Junagadh,"48,92,531",2019/11/04,6,9323269615,classicindustries@yahoo.com
Jay Ceramics,Rakesh Gandhi,06SYHEX9070A1Z8,,Junagadh,"89,38,196",26/12/2021,26,9501388117,jayceramics@gmail.com
Shri Garments,Suresh Nair,06BYWXQ4499A1Z7,Trading,ANAND,"92,05,666",05-01-2018,16,9873563316,shrigarments@yahoo.com
Classic Engineering,Meena Desai,29LMANS9875A1Z1,Manufacturing,Vadodara,"83,30,249",06-11-2020,42,9042751771,classicengineering@business.in
Modern Dairy Farm,Deepa Panchal,24KBZTN4386A1Z2,Manufacturing,rajkot,"70,57,115.00",28/08/2023,39,9440482429,moderndairyfarm@yahoo.com
Prime Agro,Kiran Shah,06HMBLK4022A1Z8,Manufacturing,Ahmedabad,6087696,20-02-2023,57,9323099951,primeagro@business.in
Prime Electronics,Ashok Shah,29LJIPA3969A1Z8,Wholesale,Gandhinagar ,"74,39,551.00",16/03/2017,33,9355952246,primeelectronics@gmail.com
Shree Spices,Rina Mehta,27BSKUN5182A1Z1,Retail,Bhavnagar,"17,97,814",2018/03/10,51,9824612877,
Prime Agro,Kiran Sheikh,27ISHYV5433A1Z7,Services,Ahmedabad,"91,57,787",25/02/2016,44,9616566937,primeagro@gmail.com
Sona Agro,Kiran Desai,29GATAN5328A1Z7,Wholesale,Ahmedabad ,7346691,2018/08/26,24,9577601428,sonaagro@rediffmail.com
Ganesh Steel Works,Rakesh Modi,,Wholesale,Nadiad,"89,43,234",22/07/2020,23,9947198029,ganeshsteelworks@yahoo.com
Royal Fashion Hub,Kiran Rao,24WLWST3451A1Z9,Services,Vadodara,5396485,2018/03/16,33,9840342502,royalfashionhub@business.in
Shri Dairy Farm,Vijay Desai,24VQYHR2423A1Z6,Manufacturing,Surat,"47,45,168.00",06-07-2017,37,9125176318,shridairyfarm@gmail.com
Gujarat Engineering,Nitin Chauhan,27TMPXA2196A1Z7,Retail,ahmedabad,"10,43,502",12/09/2021,26,9930986712,gujaratengineering@business.in
Laxmi Packaging,Nitin Thakkar,29SHVJR9577A1Z1,Trading,Vadodara,"₹86,91,658",,4,9134465361,laxmipackaging@rediffmail.com
Prime Hardware,Sunita Desai,27XHUFJ2812A1Z3,Retail, Gandhinagar,"5,10,413",2019-04-03,57,9885356746,primehardware@business.in
Bharat Pharma,Nisha Joshi,29NWZRM1182A1Z5,Retail,Vadodara,9399844,06-06-2020,49,9800087222,bharatpharma@yahoo.com
Star Exports,Mahesh Mehta,29VXUFU2127A1Z3,Services,Gandhinagar,"78,14,433",2019/04/13,8,9255929625,starexports@gmail.com
Laxmi Traders,Farida Panchal,27QKPBR1289A1Z7,Manufacturing,Bhavnagar,"35,92,590",2023/04/14,5,9912028484,laxmitraders@gmail.com
Star Exports,Rakesh Patel,24RAAUG3107A1Z9,,JUNAGADH,"74,47,090",2019-11-26,6,9645710864,starexports@yahoo.com
Krishna Foods,Mahesh Mehta,24YXQRD9563A1Z5,Manufacturing,Ahmedabad,"74,40,770.00",26-12-2020,29,9653527095,krishnafoods@yahoo.com
Jay Pharma,Ramesh Shah,06OQMRS1723A1Z5,Retail,Gandhinagar,"7,51,160",2023-09-01,52,9663526930,jaypharma@yahoo.com
Jay Electronics,Anita Joshi,27REVCR6384A1Z4,Services,Rajkot,"19,58,009",2021-01-21,51,9845590754,jayelectronics@business.in
City Traders Pvt Ltd,Nisha Desai,29ZYTRS3638A1Z8,Manufacturing,Anand,"20,26,828",2020-05-08,17,9890407714,citytraders@yahoo.com
Ganesh Exports,Priya Nair,29UQUCS0914A1Z8,Manufacturing,Surat,,22/03/2015,23,9346808149,ganeshexports@rediffmail.com
Metro Traders,Suresh Thakkar,,Trading,Junagadh,"₹22,62,652",27/02/2018,39,9283190811,metrotraders@rediffmail.com
Metro Enterprises,Kiran Gandhi,29HYRFI7088A1Z7,Wholesale,mehsana,"89,20,838",07-05-2020,17,9216499065,metroenterprises@gmail.com
Bharat Packaging,Suresh Thakkar,29EDFFB3253A1Z5,Wholesale,Anand,"38,16,525.00",24/02/2021,21,9802808182,bharatpackaging@rediffmail.com
Laxmi Garments,Deepa Shah,06UYVYB8408A1Z5,Wholesale,ANAND,"36,69,758",12-06-2018,34,,laxmigarments@rediffmail.com
Jay Ceramics,Rakesh Gandhi,06SYHEX9070A1Z8,,Junagadh,"89,38,196",26/12/2021,26,9501388117,jayceramics@gmail.com
Prime Foods,Rina Shah,06TNQHC2235A1Z3,Trading,Anand,"₹44,89,457",22-03-2023,43,9037373228,primefoods@business.in
Jay Electronics,Anita Joshi,27REVCR6384A1Z4,Services,Rajkot,"19,58,009",2021-01-21,51,9845590754,jayelectronics@business.in
Laxmi Enterprises,Rakesh Thakkar,24UQMZV9033A1Z1,Trading,Bhavnagar,3113163,13/01/2023,21,9686306711,laxmienterprises@yahoo.com
Laxmi Dairy Farm,Meena Joshi,06EZONQ2897A1Z3,Services,Bhavnagar,"32,45,339",,44,9333513944,
Om Agro,Ashok Nair,29VSMMF1800A1Z3,Wholesale,RAJKOT,"69,58,902",2020/06/16,58,9651106213,omagro@gmail.com
Shree Spices,Rina Mehta,27BSKUN5182A1Z1,Retail,Bhavnagar,"17,97,814",2018/03/10,51,9824612877,
Royal Fashion Hub's,Kiran Rao,24WLWST3451A1Z9,Services,Vadodara,5396485,2018/03/16,33,9840342502,royalfashionhub@business.in
City Steel Works,Rakesh Gandhi,06LPCSW6772A1Z8,Manufacturing,Ahmedabad,"81,85,982.00",2021-07-22,33,9748311657,citysteelworks@business.in
Prime Enterprises,Vijay Rao,29XVAOH1860A1Z7,Retail,Nadiad,"5,10,516",17-04-2015,23,9470633992,primeenterprises@gmail.com
Star Spices,Kiran Shah,29NRGZA4472A1Z8,Services,nadiad,3633557,15-05-2022,56,9116860830,starspices@yahoo.com
New Dairy Farm,Nisha Shah,06OBVVH5400A1Z5,Trading,VADODARA,"52,37,374.00",2022-09-11,39,9704945771,
Royal Hardware,Manoj Patel,29NIEXI3776A1Z5,Manufacturing,Mehsana,"33,50,829",2015/08/11,11,9425648775,royalhardware@rediffmail.com
Metro Garments,Rakesh Desai,24XJDWJ3239A1Z9,Services,Surat,1073311,17/10/2018,52,9920546051,metrogarments@rediffmail.com
United Packaging,Anita Thakkar,29CNVLN4048A1Z1,Wholesale,Rajkot,"15,23,555",,6,9918925184,
Laxmi Stationers,Ashok Rao,29ZVZZR7522A1Z3,Manufacturing,Surat,"₹32,71,368",2022-09-13,18,9772669210,
United Ceramics,Ramesh Nair,06ACVQM0269A1Z8,Wholesale,Vadodara,"74,34,673.00",04-01-2017,15,9945956203,unitedceramics@business.in
Shri Garments,Bhavesh Sheikh,29CNEPX5330A1Z8,Manufacturing,Gandhinagar,"66,49,457",02/11/2023,20,9487212969,shrigarments@business.in
United Engineering,Ramesh Rao,24XOSOP3829A1Z8,Services,Nadiad,"34,17,304",17/10/2015,41,9102019733,unitedengineering@yahoo.com
Shri Auto Parts,Ashok Sheikh,06NHVZG5395A1Z3,Services,Vadodara,7500368,01/02/2022,47,9155099418,shriautoparts@business.in
Jay Spices,Deepa Gandhi,27ERTSV1530A1Z8,,SURAT,9087987,2022/07/19,17,9659338574,jayspices@rediffmail.com
Sona Stationers,Kiran Panchal,27WAVRH5591A1Z1,Wholesale,Junagadh,"41,88,654",13-04-2023,25,9943795593,sonastationers@rediffmail.com
United Furniture,Rina Trivedi,06SPOFR6395A1Z6,Wholesale,Anand,"5,59,590",25/08/2022,,9718670636,unitedfurniture@gmail.com
Prime Industries,Suresh Gandhi,06FBTBI0495A1Z1,Manufacturing,Nadiad,"17,14,689.00",2018/03/14,32,9240392744,primeindustries@business.in
Laxmi Pharma,Rakesh Joshi,29TFAGX5613A1Z5,Services,Junagadh,"83,20,024",2023-02-06,55,9288176788,laxmipharma@gmail.com
Laxmi Enterprises,Bhavesh Rao,24RCXTT3210A1Z5,Retail,Bhavnagar,"37,44,297",2023/03/24,17,9781044476,laxmienterprises@gmail.com
Shri Industries,Rakesh Patel,06DQPGR5604A1Z8,Trading,Surat,,14/01/2022,46,9983880306,shriindustries@yahoo.com
Modern Garments,Vijay Sheikh,27QXVBE3752A1Z2,Trading,Surat,"₹1,94,891",2021/08/23,20,9022802275,moderngarments@yahoo.com
Shree Dairy Farm,Kavita Patel,27NKQVR0678A1Z1,Trading,Bhavnagar,"8,18,183",17-07-2015,42,,shreedairyfarm@yahoo.com
Prime Dairy Farm,Ashok Modi,06NAVGC6809A1Z8,Retail, Anand,"82,63,963.00",2018/06/25,45,9450106962,primedairyfarm@rediffmail.com
Krishna Ceramics,Kavita Kumar,06XPRIG1313A1Z3,Wholesale,Surat,3286665,2020/06/07,9,9285656538,krishnaceramics@yahoo.com
New Pharma,Ramesh Joshi,06JPFRF1837A1Z4,Manufacturing,Mehsana,"42,21,537",2017-01-06,59,9374158147,newpharma@yahoo.com
Classic Hardware,Vijay Gandhi,29HBBLM2637A1Z6,Wholesale,Mehsana,"58,14,316",2015-01-03,43,9722560856,classichardware@rediffmail.com
Classic Textiles,Nitin Sheikh,29MVPIG9247A1Z7,Services,Gandhinagar,"13,06,902",2023-11-11,56,9444384115,classictextiles@rediffmail.com
Om Chemicals,Farida Trivedi,,Wholesale,Mehsana,"76,29,891",11/05/2020,47,9780975086,omchemicals@gmail.com
National Hardware,Ashok Mehta,29OSKCA3868A1Z6,Manufacturing,Junagadh,"₹2,79,686",14/12/2022,10,9375880800,nationalhardware@gmail.com
Jay Hardware,Dinesh Kumar,06QUUGK2608A1Z1,Services,Gandhinagar,"₹73,53,947",08-03-2020,43,9056676863,jayhardware@yahoo.com
Laxmi Ceramics,Deepa Gandhi,06WKACJ0027A1Z5,,Rajkot,"36,68,395",12/11/2019,47,9695631345,laxmiceramics@business.in
Laxmi Electronics,Meena Thakkar,29LRRCQ7701A1Z3,Wholesale,surat,"59,52,559",14/02/2015,55,9066593674,laxmielectronics@yahoo.com
United Textiles,,24ZMSLJ2411A1Z2,Trading,Vadodara,7202503,,26,9098181931,unitedtextiles@yahoo.com
Om Timber Mart,Priya Thakkar,24QQBNI5361A1Z7,Trading,anand,"83,41,918",21-10-2016,4,9750073848,omtimbermart@yahoo.com
Ganesh Plastics,Kavita Mehta,,Wholesale,Bhavnagar,9377361,,23,9359818944,ganeshplastics@gmail.com
Krishna Enterprises,Sunita Patel,27PZSUE3595A1Z7,Manufacturing,Nadiad,"₹60,21,360",2018-11-03,50,9028624194,krishnaenterprises@rediffmail.com
United Textiles's,,24ZMSLJ2411A1Z2,Trading,Vadodara,7202503,,26,9098181931,unitedtextiles@yahoo.com
Royal Stationers,Deepa Panchal,24UXLAM5197A1Z9,Wholesale,vadodara,6685837,04-10-2017,47,,royalstationers@yahoo.com
Jay Timber Mart,Ramesh Patel,29TXKZM4958A1Z7,Retail,Gandhinagar,"71,90,612.00",2017/07/16,24,9514866108,jaytimbermart@rediffmail.com
National Foods,Nisha Panchal,06SBDHK5873A1Z2,Retail,Gandhinagar ,8794974,2020-02-13,13,9949034235,nationalfoods@gmail.com
Star Fashion Hub,Suresh Panchal,06CGOKP6739A1Z5,Manufacturing,Junagadh,8280388,2017/04/27,37,9546484007,starfashionhub@rediffmail.com
Bharat Timber Mart,Mahesh Sheikh,,Retail,Anand,"29,57,132",05/01/2017,44,9277230940,bharattimbermart@business.in
Gujarat Foods,Sunita Shah,06SGBSO5455A1Z6,Services,Mehsana,,21/06/2015,46,9514356387,gujaratfoods@gmail.com
Krishna Auto Parts,Manoj Rao,06KTDNL9038A1Z3,Wholesale,Rajkot,"61,23,148",2017-02-04,45,9940898338,krishnaautoparts@rediffmail.com
Metro Furniture,Rina Joshi,29ZVZAR4966A1Z1,Wholesale,Mehsana,"61,57,679",11/12/2016,13,9571543863,metrofurniture@rediffmail.com
Jay Traders,Ashok Rao,27SIEYI0086A1Z1,Trading,Rajkot,"₹18,69,583",2023/02/19,4,9025016525,jaytraders@gmail.com
Sona Garments,Priya Rao,29AFOHQ4547A1Z4,Services,GANDHINAGAR,,2016-10-12,34,9602504887,
Prime Electronics,Priya Gandhi,06LGKRE1636A1Z8,Wholesale,Anand ,,21-04-2016,16,9740684690,primeelectronics@gmail.com
Prime Agro Pvt Ltd,Kiran Shah,06HMBLK4022A1Z8,Manufacturing,Ahmedabad,6087696,20-02-2023,57,9323099951,primeagro@business.in
New Dairy Farm,Ramesh Thakkar,29WWBXZ0591A1Z5,Trading,Vadodara,"77,49,649",2023/05/13,14,9282769979,newdairyfarm@gmail.com
Prime Garments,Deepa Nair,27UZHER1153A1Z7,Wholesale,Rajkot,"49,75,775",2015/07/13,,9935026788,primegarments@rediffmail.com
United Agro,Dinesh Shah,29EJLFJ2305A1Z5,Retail, Rajkot,"56,18,907",24-04-2021,16,9730783244,unitedagro@business.in
Shree Foods,Sunita Desai,,,Nadiad,4499442,05-06-2017,,9870820750,shreefoods@business.in
Shri Furniture,Manoj Thakkar,29HYRFI7088A1Z7,Manufacturing,Bhavnagar,"40,55,582",2016/07/09,42,9813676065,shrifurniture@yahoo.com
New Engineering,Vijay Trivedi,27HXZWQ9081A1Z1,Wholesale,Mehsana,2602813,02/06/2022,50,9403029344,newengineering@gmail.com
Metro Hardware,Rina Patel,,Manufacturing,Junagadh,"52,69,031",01-08-2022,15,9725756966,metrohardware@business.in
Classic Ceramics,Ramesh Panchal,29SVXZN9560A1Z7,,Mehsana,"81,52,392",2015/06/10,56,9885778424,classicceramics@business.in
Star Chemicals,Manoj Trivedi,27HFURZ4160A1Z6,Manufacturing,Mehsana,,03-10-2022,24,9451996895,starchemicals@business.in
Shree Electronics,Nitin Joshi,24GGNUT7959A1Z7,Retail, Nadiad,"₹59,21,934",13-06-2023,13,,shreeelectronics@yahoo.com
Shree Stationers,Bhavesh Nair,24BYEAC1063A1Z8,Manufacturing,Vadodara,"₹62,58,168",2018-06-24,44,9981671243,shreestationers@gmail.com
Sona Auto Parts,Nisha Gandhi,24NYMLV7750A1Z8,Retail,Surat,,2016-01-03,38,9770460031,sonaautoparts@rediffmail.com
Modern Packaging,Ashok Rao,29WFUTM0418A1Z9,Retail,Bhavnagar ,,2020/03/16,15,9473445968,modernpackaging@rediffmail.com
City Engineering,Sunita Patel,24TDLIC0755A1Z4,Trading,Bhavnagar,"55,23,956",04/02/2023,,9500678415,
Ganesh Enterprises,Anita Joshi,29DANXR8619A1Z1,Retail,mehsana,"82,31,054.00",2017/04/27,,9157651695,ganeshenterprises@gmail.com
Shri Traders,Nisha Shah,06URRUG7203A1Z1,Wholesale,ahmedabad,3787715,2016-12-04,56,9637681112,shritraders@gmail.com
Gujarat Agro,Nisha Thakkar,24HDLAC0247A1Z8,Services,Bhavnagar,9074543,,13,9114474319,gujaratagro@gmail.com
Laxmi Ceramics Pvt Ltd,Deepa Gandhi,06WKACJ0027A1Z5,,Rajkot,"36,68,395",12/11/2019,47,9695631345,laxmiceramics@business.in
Ganesh Spices,Rina Gandhi,24HPYIL6581A1Z9,Manufacturing, Ahmedabad,"40,46,008",2023-12-24,60,9948908717,ganeshspices@rediffmail.com
City Enterprises,Sunita Modi,27UZHER1153A1Z7,Services,Mehsana,,17-05-2020,10,9647488221,cityenterprises@gmail.com
Ganesh Spices,Meena Trivedi,06XZFOY1729A1Z3,Retail,Gandhinagar,"54,73,132.00",,16,9683721075,ganeshspices@gmail.com
Metro Furniture,Rina Joshi,29ZVZAR4966A1Z1,Wholesale,Mehsana,"61,57,679",11/12/2016,13,9571543863,metrofurniture@rediffmail.com
City Hardware,Vijay Trivedi,27CQXIL6355A1Z6,Wholesale,Rajkot,4390303,2018-02-06,56,9795606215,cityhardware@rediffmail.com
Krishna Pharma,Kavita Kumar,06JQYBH6016A1Z2,Wholesale,Junagadh,8211215,2021/05/21,46,9837025146,krishnapharma@rediffmail.com
Shree Enterprises,Manoj Gandhi,27ISHYV5433A1Z7,,Mehsana,,02/10/2019,32,9542948944,shreeenterprises@rediffmail.com
Royal Pharma,Ashok Trivedi,,,nadiad,"3,49,028",13-08-2019,35,9609694983,royalpharma@rediffmail.com
City Traders,Nisha Desai,29ZYTRS3638A1Z8,Manufacturing,Anand,"20,26,828",2020-05-08,17,9890407714,citytraders@yahoo.com
Modern Ceramics,Nisha Thakkar,06UNKEF6804A1Z6,Retail,Vadodara,"8,83,037",22/06/2021,30,9677229791,modernceramics@business.in
Ganesh Chemicals,Dinesh Gandhi,27RMGAC1549A1Z9,Services,Nadiad,"24,51,222",2021-02-17,,9111125272,ganeshchemicals@gmail.com
Modern Auto Parts,Meena Thakkar,29ZUJUA5466A1Z7,Services,Nadiad ,"90,56,224",27/05/2023,18,9999288407,
Royal Engineering,Deepa Gandhi,29HFFOG5937A1Z8,Services, Junagadh,4538275,2020/09/16,8,9877323087,royalengineering@gmail.com
Shri Agro,Suresh Panchal,29ANHZA8689A1Z2,Manufacturing,Surat,"2,57,102",27/03/2021,6,9705366644,shriagro@gmail.com
Shri Engineering,Mahesh Gandhi,06KURBQ3353A1Z5,Services,Rajkot,"81,29,730",2023/03/02,8,9889060795,shriengineering@yahoo.com
Star Ceramics,Rina Gandhi,24VQYHR2423A1Z6,Manufacturing,Gandhinagar,"24,95,069",2015/01/10,9,9081467947,starceramics@yahoo.com
Gujarat Timber Mart,Deepa Sheikh,24RCXTT3210A1Z5,Wholesale,BHAVNAGAR,"₹73,37,926",08/06/2021,34,9478116535,gujarattimbermart@business.in
National Hardware,Ashok Mehta,29OSKCA3868A1Z6,Manufacturing,Junagadh,"₹2,79,686",14/12/2022,10,9375880800,nationalhardware@gmail.com
New Plastics,Suresh Patel,06CGOKP6739A1Z5,Services,Nadiad,"₹22,68,618",2022-02-28,38,9243928104,newplastics@gmail.com
City Engineering,Suresh Sheikh,06TNQHC2235A1Z3,Manufacturing, Rajkot,"78,08,158",22-08-2017,,9867585874,cityengineering@rediffmail.com
Shree Traders,,29HBBLM2637A1Z6,Retail,Surat,"₹23,67,531",2022/02/08,7,9713817719,shreetraders@yahoo.com
Jay Engineering,Priya Mehta,29XJHQD1836A1Z7,Services,Junagadh ,"44,73,737",2020-01-14,24,9891561736,jayengineering@business.in
Shree Exports,Kavita Modi,24EYLQR8847A1Z7,Trading,Anand,"₹85,77,608",21-12-2022,,9841107024,shreeexports@yahoo.com
City Auto Parts,Kavita Rao,29HGDFD5712A1Z8,Retail,Gandhinagar,9464311,2018/12/16,30,9702635454,cityautoparts@rediffmail.com
National Packaging,Farida Panchal,29QLLVK2404A1Z4,Retail,Junagadh,,05/11/2019,2,9007449064,nationalpackaging@business.in
National Furniture,Manoj Gandhi,24JBMFX3882A1Z4,,Surat,"69,67,881",28/04/2017,53,9880739888,
United Enterprises,Kavita Panchal,06JPFRF1837A1Z4,Manufacturing,Surat,"₹73,95,685",,53,9109564894,unitedenterprises@gmail.com
Star Textiles,Deepa Nair,27UPRFF9392A1Z4,Wholesale,Gandhinagar,"90,41,787",08-07-2017,15,9304358036,startextiles@gmail.com
National Chemicals,Mahesh Kumar,27DBZPT4857A1Z7,Retail,junagadh,7561939,2022/11/07,52,9971056387,nationalchemicals@rediffmail.com
National Plastics,Farida Panchal,24GQFXW2163A1Z3,Manufacturing,Ahmedabad ,4326895,2021-08-08,14,9475946336,nationalplastics@gmail.com
Gujarat Packaging,,27ZTJAT3887A1Z9,Trading,Nadiad,"9,70,721",02-03-2017,4,,gujaratpackaging@rediffmail.com
Laxmi Enterprises,Bhavesh Rao,24RCXTT3210A1Z5,Retail,Bhavnagar,"37,44,297",2023/03/24,17,9781044476,laxmienterprises@gmail.com
Shri Auto Parts,Ashok Sheikh,06NHVZG5395A1Z3,Services,Vadodara,7500368,01/02/2022,47,9155099418,shriautoparts@business.in
Modern Plastics,Rina Chauhan,27EQRHR4427A1Z2,Services,Junagadh,"₹2,52,438",2017/03/19,6,,modernplastics@gmail.com
Prime Foods,Mahesh Kumar,29NRMTH7757A1Z9,Wholesale,Anand,"74,47,709",21-11-2023,60,9358432308,primefoods@yahoo.com
United Hardware,Rakesh Sheikh,27MANPW8454A1Z3,Services,Anand,5727416,2023/09/13,22,9892384349,unitedhardware@business.in
Modern Ceramics,Nisha Thakkar,06UNKEF6804A1Z6,Retail,Vadodara,"8,83,037",22/06/2021,30,9677229791,modernceramics@business.in
Gujarat Ceramics,Manoj Mehta,29HYRHO6180A1Z4,Manufacturing,Surat,"17,18,678",2021/07/13,5,9670863998,gujaratceramics@gmail.com
Om Chemicals Pvt Ltd,Farida Trivedi,,Wholesale,Mehsana,"76,29,891",11/05/2020,47,9780975086,omchemicals@gmail.com
New Fashion Hub,Ashok Desai,24UWWWG6541A1Z7,Manufacturing,surat,6661223,18-07-2023,56,9248765441,newfashionhub@gmail.com
Shree Pharma,Dinesh Mehta,24REZGE1592A1Z7,Manufacturing,Gandhinagar,"20,97,320.00",10-06-2017,31,,shreepharma@gmail.com
Star Textiles,Rina Rao,29TXKZM4958A1Z7,Trading,Ahmedabad,"8,53,065",2020/05/17,54,9527137831,startextiles@rediffmail.com
Royal Hardware,Nisha Modi,29OSKCA3868A1Z6,Services,Surat,"₹64,69,630",2020-03-22,43,9650393719,royalhardware@yahoo.com
Metro Hardware,Rina Desai,27ROYMS4268A1Z7,Trading,Mehsana ,"81,86,449",13-03-2020,20,9769732739,metrohardware@yahoo.com
City Stationers,Dinesh Sheikh,,Trading,Nadiad,"₹60,11,544",27/12/2020,17,9121170964,citystationers@business.in
City Traders,Deepa Mehta,24AUQGT5400A1Z3,Trading,SURAT,"45,87,001",24/02/2016,19,9223685290,citytraders@business.in
Star Textiles,Ashok Joshi,29OGHKW0555A1Z3,Services,Anand,3945715,02/10/2019,50,9606847203,startextiles@business.in
Laxmi Pharma,Nitin Sheikh,06DQPGR5604A1Z8,,Bhavnagar,2194708,13-07-2023,51,9822734242,laxmipharma@rediffmail.com
United Industries,,24AYNMM1733A1Z5,Manufacturing,Ahmedabad,"45,39,135",23/01/2020,44,9856647466,unitedindustries@yahoo.com
Krishna Plastics,,27PVVTK3671A1Z6,Services,bhavnagar,"44,61,001",04/12/2015,60,9514827478,krishnaplastics@rediffmail.com
Om Hardware,,29OIJZH1653A1Z5,Retail,bhavnagar,8822974,2016-09-20,17,9479067303,omhardware@gmail.com
Om Engineering,Suresh Desai,27OOTTO6741A1Z3,Retail,Nadiad,"₹63,41,944",2015-10-09,48,9039907515,omengineering@yahoo.com
Shree Stationers,Bhavesh Kumar,29BKJTJ0261A1Z6,Trading,Rajkot,5036733,20-01-2021,17,9516539575,shreestationers@gmail.com
